-- サーベイ設問
INSERT INTO survey_questions (id, category, question, sort_order, survey_type) VALUES
('sq-1', '仕事満足度', '日々の業務にやりがいを感じていますか？', 1, 'regular'),
('sq-2', '仕事満足度', '自分のスキルが活かせる環境ですか？', 2, 'regular'),
('sq-3', '人間関係', '上司との関係は良好ですか？', 3, 'regular'),
('sq-4', '人間関係', '同僚との協力体制に満足していますか？', 4, 'regular'),
('sq-5', '健康状態', '十分な睡眠を取れていますか？', 5, 'regular'),
('sq-6', '健康状態', '身体的な疲労を感じていませんか？', 6, 'regular'),
('sq-7', 'キャリア展望', '将来のキャリアに希望を持てていますか？', 7, 'regular'),
('sq-8', 'キャリア展望', '成長の機会が十分にありますか？', 8, 'regular'),
('sq-9', 'ワークライフバランス', '仕事と私生活のバランスは取れていますか？', 9, 'regular'),
('sq-10', 'ワークライフバランス', '休暇を十分に取得できていますか？', 10, 'regular')
ON CONFLICT (id) DO NOTHING;

-- 評価テンプレート
INSERT INTO evaluation_template_items (id, occupation_id, category, question, sort_order) VALUES
('et-1', 'occ-1', '診療スキル', '的確な診断能力', 1),
('et-2', 'occ-1', '診療スキル', '治療計画の立案力', 2),
('et-3', 'occ-1', 'コミュニケーション', '患者説明のわかりやすさ', 3),
('et-4', 'occ-2', '看護スキル', '基本看護技術の遂行', 1),
('et-5', 'occ-2', '看護スキル', '患者観察力', 2),
('et-6', 'occ-2', 'チームワーク', '多職種連携', 3),
('et-7', 'occ-3', 'リハビリ技術', '運動療法の実施力', 1),
('et-8', 'occ-3', 'リハビリ技術', '治療プログラム作成', 2),
('et-9', 'occ-4', '介護スキル', '日常生活支援の質', 1),
('et-10', 'occ-4', '介護スキル', '認知症ケア', 2),
('et-11', 'occ-5', '事務処理', '正確な書類処理', 1),
('et-12', 'occ-5', '事務処理', 'スケジュール管理能力', 2)
ON CONFLICT (id) DO NOTHING;

-- 評価データ
INSERT INTO evaluations (id, user_id, evaluator_id, period, status, overall_comment, created_at, updated_at) VALUES
('ev-1', 'u-1', 'u-1', '2025年度 上期', 'approved', '確実な業務遂行力', '2025-09-15', '2025-09-15'),
('ev-2', 'u-2', 'u-1', '2025年度 上期', 'submitted', '確実な業務遂行力', '2025-09-15', '2025-09-16'),
('ev-3', 'u-3', 'u-1', '2025年度 上期', 'draft', '確実な業務遂行力', '2025-09-15', '2025-09-17'),
('ev-4', 'u-4', 'u-1', '2025年度 上期', 'approved', 'コミュニケーション力が高い', '2025-09-15', '2025-09-18'),
('ev-5', 'u-5', 'u-1', '2025年度 上期', 'submitted', '積極的な姿勢を評価', '2025-09-15', '2025-09-19'),
('ev-6', 'u-6', 'u-1', '2025年度 上期', 'draft', '優れた成果を発揮', '2025-09-15', '2025-09-20'),
('ev-7', 'u-7', 'u-1', '2025年度 上期', 'approved', '優れた成果を発揮', '2025-09-15', '2025-09-21'),
('ev-8', 'u-8', 'u-1', '2025年度 上期', 'submitted', '安定したパフォーマンス', '2025-09-15', '2025-09-22'),
('ev-9', 'u-9', 'u-1', '2025年度 上期', 'draft', '確実な業務遂行力', '2025-09-15', '2025-09-23'),
('ev-10', 'u-10', 'u-1', '2025年度 上期', 'approved', 'さらなるスキル向上を期待', '2025-09-15', '2025-09-24'),
('ev-11', 'u-11', 'u-1', '2025年度 上期', 'submitted', '確実な業務遂行力', '2025-09-15', '2025-09-15'),
('ev-12', 'u-12', 'u-11', '2025年度 上期', 'draft', '積極的な姿勢を評価', '2025-09-15', '2025-09-16'),
('ev-13', 'u-13', 'u-11', '2025年度 上期', 'approved', 'さらなるスキル向上を期待', '2025-09-15', '2025-09-17'),
('ev-14', 'u-14', 'u-11', '2025年度 上期', 'submitted', 'コミュニケーション力が高い', '2025-09-15', '2025-09-18'),
('ev-15', 'u-15', 'u-11', '2025年度 上期', 'draft', 'チームへの貢献が大きい', '2025-09-15', '2025-09-19'),
('ev-16', 'u-16', 'u-11', '2025年度 上期', 'approved', 'コミュニケーション力が高い', '2025-09-15', '2025-09-20'),
('ev-17', 'u-17', 'u-1', '2025年度 上期', 'submitted', '非常に良好な取り組み', '2025-09-15', '2025-09-21'),
('ev-18', 'u-18', 'u-17', '2025年度 上期', 'draft', 'さらなるスキル向上を期待', '2025-09-15', '2025-09-22'),
('ev-19', 'u-19', 'u-17', '2025年度 上期', 'approved', '非常に良好な取り組み', '2025-09-15', '2025-09-23'),
('ev-20', 'u-20', 'u-17', '2025年度 上期', 'submitted', 'チームへの貢献が大きい', '2025-09-15', '2025-09-24'),
('ev-21', 'u-21', 'u-17', '2025年度 上期', 'draft', '優れた成果を発揮', '2025-09-15', '2025-09-15'),
('ev-22', 'u-22', 'u-17', '2025年度 上期', 'approved', '積極的な姿勢を評価', '2025-09-15', '2025-09-16'),
('ev-23', 'u-23', 'u-17', '2025年度 上期', 'submitted', 'チームへの貢献が大きい', '2025-09-15', '2025-09-17'),
('ev-24', 'u-24', 'u-1', '2025年度 上期', 'draft', 'コミュニケーション力が高い', '2025-09-15', '2025-09-18'),
('ev-25', 'u-25', 'u-24', '2025年度 上期', 'approved', '積極的な姿勢を評価', '2025-09-15', '2025-09-19'),
('ev-26', 'u-26', 'u-24', '2025年度 上期', 'submitted', '改善の余地あり', '2025-09-15', '2025-09-20'),
('ev-27', 'u-27', 'u-24', '2025年度 上期', 'draft', '安定したパフォーマンス', '2025-09-15', '2025-09-21'),
('ev-28', 'u-28', 'u-24', '2025年度 上期', 'approved', 'コミュニケーション力が高い', '2025-09-15', '2025-09-22'),
('ev-29', 'u-29', 'u-24', '2025年度 上期', 'submitted', '安定したパフォーマンス', '2025-09-15', '2025-09-23'),
('ev-30', 'u-30', 'u-1', '2025年度 上期', 'draft', '改善の余地あり', '2025-09-15', '2025-09-24'),
('ev-31', 'u-31', 'u-30', '2025年度 上期', 'approved', '非常に良好な取り組み', '2025-09-15', '2025-09-15'),
('ev-32', 'u-32', 'u-30', '2025年度 上期', 'submitted', '今後の成長に期待', '2025-09-15', '2025-09-16'),
('ev-33', 'u-33', 'u-30', '2025年度 上期', 'draft', '改善の余地あり', '2025-09-15', '2025-09-17'),
('ev-34', 'u-34', 'u-30', '2025年度 上期', 'approved', '改善の余地あり', '2025-09-15', '2025-09-18'),
('ev-35', 'u-35', 'u-30', '2025年度 上期', 'submitted', '非常に良好な取り組み', '2025-09-15', '2025-09-19'),
('ev-36', 'u-36', 'u-30', '2025年度 上期', 'draft', '安定したパフォーマンス', '2025-09-15', '2025-09-20'),
('ev-37', 'u-37', 'u-30', '2025年度 上期', 'approved', '安定したパフォーマンス', '2025-09-15', '2025-09-21'),
('ev-38', 'u-38', 'u-30', '2025年度 上期', 'submitted', '非常に良好な取り組み', '2025-09-15', '2025-09-22'),
('ev-39', 'u-39', 'u-1', '2025年度 上期', 'draft', 'コミュニケーション力が高い', '2025-09-15', '2025-09-23'),
('ev-40', 'u-40', 'u-39', '2025年度 上期', 'approved', '優れた成果を発揮', '2025-09-15', '2025-09-24'),
('ev-41', 'u-41', 'u-39', '2025年度 上期', 'submitted', '確実な業務遂行力', '2025-09-15', '2025-09-15'),
('ev-42', 'u-42', 'u-39', '2025年度 上期', 'draft', '積極的な姿勢を評価', '2025-09-15', '2025-09-16'),
('ev-43', 'u-43', 'u-39', '2025年度 上期', 'approved', 'コミュニケーション力が高い', '2025-09-15', '2025-09-17'),
('ev-44', 'u-44', 'u-39', '2025年度 上期', 'submitted', 'コミュニケーション力が高い', '2025-09-15', '2025-09-18'),
('ev-45', 'u-45', 'u-1', '2025年度 上期', 'draft', '非常に良好な取り組み', '2025-09-15', '2025-09-19'),
('ev-46', 'u-46', 'u-45', '2025年度 上期', 'approved', '確実な業務遂行力', '2025-09-15', '2025-09-20'),
('ev-47', 'u-47', 'u-45', '2025年度 上期', 'submitted', '今後の成長に期待', '2025-09-15', '2025-09-21'),
('ev-48', 'u-48', 'u-45', '2025年度 上期', 'draft', '積極的な姿勢を評価', '2025-09-15', '2025-09-22'),
('ev-49', 'u-49', 'u-1', '2025年度 上期', 'approved', '確実な業務遂行力', '2025-09-15', '2025-09-23'),
('ev-50', 'u-50', 'u-1', '2025年度 上期', 'submitted', 'さらなるスキル向上を期待', '2025-09-15', '2025-09-24')
ON CONFLICT (id) DO NOTHING;
INSERT INTO evaluation_scores (id, evaluation_id, item_id, score, comment) VALUES
(gen_random_uuid(), 'ev-1', 'et-1', 2, '意欲的'),
(gen_random_uuid(), 'ev-1', 'et-2', 4, '改善が必要'),
(gen_random_uuid(), 'ev-1', 'et-3', 2, '期待以上の成果'),
(gen_random_uuid(), 'ev-2', 'et-4', 2, '期待以上の成果'),
(gen_random_uuid(), 'ev-2', 'et-5', 5, '標準的'),
(gen_random_uuid(), 'ev-2', 'et-6', 3, '安定感がある'),
(gen_random_uuid(), 'ev-3', 'et-7', 2, '非常に優秀'),
(gen_random_uuid(), 'ev-3', 'et-8', 4, '安定感がある'),
(gen_random_uuid(), 'ev-4', 'et-11', 3, '安定感がある'),
(gen_random_uuid(), 'ev-4', 'et-12', 2, '改善が必要'),
(gen_random_uuid(), 'ev-5', 'et-1', 4, '改善が必要'),
(gen_random_uuid(), 'ev-5', 'et-2', 2, '成長が見られる'),
(gen_random_uuid(), 'ev-5', 'et-3', 2, '安定感がある'),
(gen_random_uuid(), 'ev-6', 'et-4', 2, '改善が必要'),
(gen_random_uuid(), 'ev-6', 'et-5', 4, '良好'),
(gen_random_uuid(), 'ev-6', 'et-6', 2, '丁寧な対応'),
(gen_random_uuid(), 'ev-7', 'et-7', 4, '安定感がある'),
(gen_random_uuid(), 'ev-7', 'et-8', 5, '期待以上の成果'),
(gen_random_uuid(), 'ev-8', 'et-11', 2, '高い専門性'),
(gen_random_uuid(), 'ev-8', 'et-12', 4, '非常に優秀'),
(gen_random_uuid(), 'ev-9', 'et-1', 2, '標準的'),
(gen_random_uuid(), 'ev-9', 'et-2', 4, '期待以上の成果'),
(gen_random_uuid(), 'ev-9', 'et-3', 4, '高い専門性'),
(gen_random_uuid(), 'ev-10', 'et-4', 4, '安定感がある'),
(gen_random_uuid(), 'ev-10', 'et-5', 3, '高い専門性'),
(gen_random_uuid(), 'ev-10', 'et-6', 4, '成長が見られる'),
(gen_random_uuid(), 'ev-11', 'et-1', 2, '成長が見られる'),
(gen_random_uuid(), 'ev-11', 'et-2', 3, '良好'),
(gen_random_uuid(), 'ev-11', 'et-3', 5, '標準的'),
(gen_random_uuid(), 'ev-12', 'et-4', 3, '良好'),
(gen_random_uuid(), 'ev-12', 'et-5', 3, '非常に優秀'),
(gen_random_uuid(), 'ev-12', 'et-6', 4, '期待以上の成果'),
(gen_random_uuid(), 'ev-13', 'et-11', 3, '改善が必要'),
(gen_random_uuid(), 'ev-13', 'et-12', 2, '丁寧な対応'),
(gen_random_uuid(), 'ev-14', 'et-1', 4, '改善が必要'),
(gen_random_uuid(), 'ev-14', 'et-2', 5, '安定感がある'),
(gen_random_uuid(), 'ev-14', 'et-3', 5, '意欲的'),
(gen_random_uuid(), 'ev-15', 'et-4', 5, '期待以上の成果'),
(gen_random_uuid(), 'ev-15', 'et-5', 5, '丁寧な対応'),
(gen_random_uuid(), 'ev-15', 'et-6', 3, '安定感がある'),
(gen_random_uuid(), 'ev-16', 'et-11', 2, '非常に優秀'),
(gen_random_uuid(), 'ev-16', 'et-12', 2, '非常に優秀'),
(gen_random_uuid(), 'ev-17', 'et-4', 5, '期待以上の成果'),
(gen_random_uuid(), 'ev-17', 'et-5', 5, '標準的'),
(gen_random_uuid(), 'ev-17', 'et-6', 2, '丁寧な対応'),
(gen_random_uuid(), 'ev-18', 'et-9', 3, '成長が見られる'),
(gen_random_uuid(), 'ev-18', 'et-10', 5, '安定感がある'),
(gen_random_uuid(), 'ev-19', 'et-11', 2, '良好'),
(gen_random_uuid(), 'ev-19', 'et-12', 3, '成長が見られる'),
(gen_random_uuid(), 'ev-20', 'et-4', 5, '非常に優秀'),
(gen_random_uuid(), 'ev-20', 'et-5', 5, '改善が必要'),
(gen_random_uuid(), 'ev-20', 'et-6', 5, '意欲的'),
(gen_random_uuid(), 'ev-21', 'et-9', 2, '意欲的'),
(gen_random_uuid(), 'ev-21', 'et-10', 4, '期待以上の成果'),
(gen_random_uuid(), 'ev-22', 'et-11', 3, '改善が必要'),
(gen_random_uuid(), 'ev-22', 'et-12', 4, '丁寧な対応'),
(gen_random_uuid(), 'ev-23', 'et-4', 5, '非常に優秀'),
(gen_random_uuid(), 'ev-23', 'et-5', 5, '丁寧な対応'),
(gen_random_uuid(), 'ev-23', 'et-6', 2, '安定感がある'),
(gen_random_uuid(), 'ev-24', 'et-1', 5, '改善が必要'),
(gen_random_uuid(), 'ev-24', 'et-2', 5, '意欲的'),
(gen_random_uuid(), 'ev-24', 'et-3', 2, '安定感がある'),
(gen_random_uuid(), 'ev-25', 'et-4', 4, '成長が見られる'),
(gen_random_uuid(), 'ev-25', 'et-5', 2, '丁寧な対応'),
(gen_random_uuid(), 'ev-25', 'et-6', 4, '成長が見られる'),
(gen_random_uuid(), 'ev-26', 'et-11', 5, '高い専門性'),
(gen_random_uuid(), 'ev-26', 'et-12', 2, '標準的'),
(gen_random_uuid(), 'ev-27', 'et-1', 3, '標準的'),
(gen_random_uuid(), 'ev-27', 'et-2', 3, '意欲的'),
(gen_random_uuid(), 'ev-27', 'et-3', 2, '安定感がある'),
(gen_random_uuid(), 'ev-28', 'et-4', 3, '丁寧な対応'),
(gen_random_uuid(), 'ev-28', 'et-5', 4, '丁寧な対応'),
(gen_random_uuid(), 'ev-28', 'et-6', 2, '改善が必要'),
(gen_random_uuid(), 'ev-29', 'et-11', 5, '安定感がある'),
(gen_random_uuid(), 'ev-29', 'et-12', 3, '安定感がある'),
(gen_random_uuid(), 'ev-30', 'et-1', 2, '改善が必要'),
(gen_random_uuid(), 'ev-30', 'et-2', 5, '良好'),
(gen_random_uuid(), 'ev-30', 'et-3', 3, '標準的'),
(gen_random_uuid(), 'ev-31', 'et-4', 5, '意欲的'),
(gen_random_uuid(), 'ev-31', 'et-5', 5, '意欲的'),
(gen_random_uuid(), 'ev-31', 'et-6', 5, '期待以上の成果'),
(gen_random_uuid(), 'ev-32', 'et-7', 5, '期待以上の成果'),
(gen_random_uuid(), 'ev-32', 'et-8', 2, '成長が見られる'),
(gen_random_uuid(), 'ev-33', 'et-11', 2, '成長が見られる'),
(gen_random_uuid(), 'ev-33', 'et-12', 4, '非常に優秀'),
(gen_random_uuid(), 'ev-34', 'et-1', 4, '非常に優秀'),
(gen_random_uuid(), 'ev-34', 'et-2', 3, '成長が見られる'),
(gen_random_uuid(), 'ev-34', 'et-3', 3, '丁寧な対応'),
(gen_random_uuid(), 'ev-35', 'et-4', 5, '意欲的'),
(gen_random_uuid(), 'ev-35', 'et-5', 2, '安定感がある'),
(gen_random_uuid(), 'ev-35', 'et-6', 5, '安定感がある'),
(gen_random_uuid(), 'ev-36', 'et-7', 2, '成長が見られる'),
(gen_random_uuid(), 'ev-36', 'et-8', 5, '期待以上の成果'),
(gen_random_uuid(), 'ev-37', 'et-11', 4, '高い専門性'),
(gen_random_uuid(), 'ev-37', 'et-12', 5, '丁寧な対応'),
(gen_random_uuid(), 'ev-38', 'et-1', 4, '非常に優秀'),
(gen_random_uuid(), 'ev-38', 'et-2', 5, '非常に優秀'),
(gen_random_uuid(), 'ev-38', 'et-3', 3, '期待以上の成果'),
(gen_random_uuid(), 'ev-39', 'et-4', 2, '非常に優秀'),
(gen_random_uuid(), 'ev-39', 'et-5', 3, '成長が見られる')
ON CONFLICT DO NOTHING;
INSERT INTO evaluation_scores (id, evaluation_id, item_id, score, comment) VALUES
(gen_random_uuid(), 'ev-39', 'et-6', 3, '高い専門性'),
(gen_random_uuid(), 'ev-40', 'et-9', 2, '成長が見られる'),
(gen_random_uuid(), 'ev-40', 'et-10', 2, '安定感がある'),
(gen_random_uuid(), 'ev-41', 'et-11', 5, '高い専門性'),
(gen_random_uuid(), 'ev-41', 'et-12', 4, '改善が必要'),
(gen_random_uuid(), 'ev-42', 'et-4', 3, '安定感がある'),
(gen_random_uuid(), 'ev-42', 'et-5', 4, '標準的'),
(gen_random_uuid(), 'ev-42', 'et-6', 4, '良好'),
(gen_random_uuid(), 'ev-43', 'et-9', 2, '丁寧な対応'),
(gen_random_uuid(), 'ev-43', 'et-10', 5, '良好'),
(gen_random_uuid(), 'ev-44', 'et-11', 2, '良好'),
(gen_random_uuid(), 'ev-44', 'et-12', 4, '意欲的'),
(gen_random_uuid(), 'ev-45', 'et-1', 3, '意欲的'),
(gen_random_uuid(), 'ev-45', 'et-2', 4, '標準的'),
(gen_random_uuid(), 'ev-45', 'et-3', 5, '高い専門性'),
(gen_random_uuid(), 'ev-46', 'et-4', 4, '非常に優秀'),
(gen_random_uuid(), 'ev-46', 'et-5', 5, '改善が必要'),
(gen_random_uuid(), 'ev-46', 'et-6', 2, '非常に優秀'),
(gen_random_uuid(), 'ev-47', 'et-11', 5, '改善が必要'),
(gen_random_uuid(), 'ev-47', 'et-12', 4, '良好'),
(gen_random_uuid(), 'ev-48', 'et-1', 2, '非常に優秀'),
(gen_random_uuid(), 'ev-48', 'et-2', 4, '丁寧な対応'),
(gen_random_uuid(), 'ev-48', 'et-3', 2, '非常に優秀'),
(gen_random_uuid(), 'ev-49', 'et-11', 2, '改善が必要'),
(gen_random_uuid(), 'ev-49', 'et-12', 2, '標準的'),
(gen_random_uuid(), 'ev-50', 'et-11', 3, '改善が必要'),
(gen_random_uuid(), 'ev-50', 'et-12', 5, '意欲的')
ON CONFLICT DO NOTHING;

-- サーベイ回答
INSERT INTO surveys (id, user_id, period_id, mental_score, motivation_score, survey_date, submitted) VALUES
('sv-1', 'u-1', 'sp-1', 62, 70, '2025-07-04', true),
('sv-2', 'u-1', 'sp-2', 65, 63, '2025-08-14', true),
('sv-3', 'u-1', 'sp-3', 57, 63, '2025-09-12', true),
('sv-4', 'u-1', 'sp-4', 57, 69, '2025-10-03', true),
('sv-5', 'u-1', 'sp-5', 57, 61, '2025-11-14', true),
('sv-6', 'u-1', 'sp-6', 65, 69, '2025-12-04', true),
('sv-7', 'u-2', 'sp-1', 60, 89, '2025-07-13', true),
('sv-8', 'u-2', 'sp-2', 59, 89, '2025-08-10', true),
('sv-9', 'u-2', 'sp-3', 59, 87, '2025-09-10', true),
('sv-10', 'u-2', 'sp-4', 58, 92, '2025-10-13', true),
('sv-11', 'u-2', 'sp-5', 65, 92, '2025-11-12', true),
('sv-12', 'u-2', 'sp-6', 63, 89, '2025-12-12', true),
('sv-13', 'u-3', 'sp-1', 92, 73, '2025-07-09', true),
('sv-14', 'u-3', 'sp-2', 82, 63, '2025-08-06', true),
('sv-15', 'u-3', 'sp-3', 78, 57, '2025-09-13', true),
('sv-16', 'u-3', 'sp-4', 74, 52, '2025-10-04', true),
('sv-17', 'u-3', 'sp-5', 56, 53, '2025-11-07', true),
('sv-18', 'u-3', 'sp-6', 62, 28, '2025-12-06', true),
('sv-19', 'u-4', 'sp-1', 71, 86, '2025-07-07', true),
('sv-20', 'u-4', 'sp-2', 70, 92, '2025-08-09', true),
('sv-21', 'u-4', 'sp-3', 77, 86, '2025-09-03', true),
('sv-22', 'u-4', 'sp-4', 72, 89, '2025-10-13', true),
('sv-23', 'u-4', 'sp-5', 68, 92, '2025-11-05', true),
('sv-24', 'u-4', 'sp-6', 77, 87, '2025-12-03', true),
('sv-25', 'u-5', 'sp-1', 63, 60, '2025-07-13', true),
('sv-26', 'u-5', 'sp-2', 65, 63, '2025-08-12', true),
('sv-27', 'u-5', 'sp-3', 69, 66, '2025-09-05', true),
('sv-28', 'u-5', 'sp-4', 78, 66, '2025-10-04', true),
('sv-29', 'u-5', 'sp-5', 79, 76, '2025-11-03', true),
('sv-30', 'u-5', 'sp-6', 83, 70, '2025-12-09', true),
('sv-31', 'u-6', 'sp-1', 70, 63, '2025-07-06', true),
('sv-32', 'u-6', 'sp-2', 65, 53, '2025-08-10', true),
('sv-33', 'u-6', 'sp-3', 58, 55, '2025-09-04', true),
('sv-34', 'u-6', 'sp-4', 37, 30, '2025-10-03', true),
('sv-35', 'u-6', 'sp-5', 38, 39, '2025-11-12', true),
('sv-36', 'u-6', 'sp-6', 40, 18, '2025-12-04', true),
('sv-37', 'u-7', 'sp-1', 74, 62, '2025-07-10', true),
('sv-38', 'u-7', 'sp-2', 72, 58, '2025-08-03', true),
('sv-39', 'u-7', 'sp-3', 64, 60, '2025-09-09', true),
('sv-40', 'u-7', 'sp-4', 65, 61, '2025-10-11', true),
('sv-41', 'u-7', 'sp-5', 67, 55, '2025-11-11', true),
('sv-42', 'u-7', 'sp-6', 69, 61, '2025-12-08', true),
('sv-43', 'u-8', 'sp-1', 71, 88, '2025-07-12', true),
('sv-44', 'u-8', 'sp-2', 65, 88, '2025-08-11', true),
('sv-45', 'u-8', 'sp-3', 69, 84, '2025-09-08', true),
('sv-46', 'u-8', 'sp-4', 62, 82, '2025-10-14', true),
('sv-47', 'u-8', 'sp-5', 64, 86, '2025-11-10', true),
('sv-48', 'u-8', 'sp-6', 70, 82, '2025-12-12', true),
('sv-49', 'u-9', 'sp-1', 71, 71, '2025-07-03', true),
('sv-50', 'u-9', 'sp-2', 74, 76, '2025-08-14', true)
ON CONFLICT (id) DO NOTHING;
INSERT INTO surveys (id, user_id, period_id, mental_score, motivation_score, survey_date, submitted) VALUES
('sv-51', 'u-9', 'sp-3', 79, 79, '2025-09-05', true),
('sv-52', 'u-9', 'sp-4', 77, 83, '2025-10-07', true),
('sv-53', 'u-9', 'sp-5', 83, 87, '2025-11-04', true),
('sv-54', 'u-9', 'sp-6', 81, 86, '2025-12-07', true),
('sv-55', 'u-10', 'sp-1', 74, 71, '2025-07-05', true),
('sv-56', 'u-10', 'sp-2', 77, 79, '2025-08-03', true),
('sv-57', 'u-10', 'sp-3', 75, 78, '2025-09-06', true),
('sv-58', 'u-10', 'sp-4', 70, 79, '2025-10-14', true),
('sv-59', 'u-10', 'sp-5', 74, 70, '2025-11-03', true),
('sv-60', 'u-10', 'sp-6', 69, 77, '2025-12-04', true),
('sv-61', 'u-11', 'sp-1', 70, 69, '2025-07-06', true),
('sv-62', 'u-11', 'sp-2', 67, 67, '2025-08-03', true),
('sv-63', 'u-11', 'sp-3', 75, 69, '2025-09-10', true),
('sv-64', 'u-11', 'sp-4', 67, 70, '2025-10-14', true),
('sv-65', 'u-11', 'sp-5', 71, 68, '2025-11-04', true),
('sv-66', 'u-11', 'sp-6', 66, 69, '2025-12-09', true),
('sv-67', 'u-12', 'sp-1', 81, 82, '2025-07-08', true),
('sv-68', 'u-12', 'sp-2', 85, 84, '2025-08-07', true),
('sv-69', 'u-12', 'sp-3', 85, 92, '2025-09-05', true),
('sv-70', 'u-12', 'sp-4', 96, 88, '2025-10-14', true),
('sv-71', 'u-12', 'sp-5', 93, 98, '2025-11-13', true),
('sv-72', 'u-12', 'sp-6', 98, 98, '2025-12-08', true),
('sv-73', 'u-13', 'sp-1', 74, 55, '2025-07-07', true),
('sv-74', 'u-13', 'sp-2', 76, 58, '2025-08-14', true),
('sv-75', 'u-13', 'sp-3', 68, 59, '2025-09-13', true),
('sv-76', 'u-13', 'sp-4', 76, 60, '2025-10-11', true),
('sv-77', 'u-13', 'sp-5', 71, 57, '2025-11-13', true),
('sv-78', 'u-13', 'sp-6', 67, 54, '2025-12-04', true),
('sv-79', 'u-14', 'sp-1', 60, 90, '2025-07-07', true),
('sv-80', 'u-14', 'sp-2', 65, 91, '2025-08-11', true),
('sv-81', 'u-14', 'sp-3', 58, 85, '2025-09-12', true),
('sv-82', 'u-14', 'sp-4', 59, 94, '2025-10-13', true),
('sv-83', 'u-14', 'sp-5', 59, 92, '2025-11-11', true),
('sv-84', 'u-14', 'sp-6', 61, 85, '2025-12-07', true),
('sv-85', 'u-15', 'sp-1', 59, 88, '2025-07-10', true),
('sv-86', 'u-15', 'sp-2', 59, 86, '2025-08-05', true),
('sv-87', 'u-15', 'sp-3', 59, 83, '2025-09-13', true),
('sv-88', 'u-15', 'sp-4', 57, 84, '2025-10-03', true),
('sv-89', 'u-15', 'sp-5', 66, 88, '2025-11-06', true),
('sv-90', 'u-15', 'sp-6', 62, 82, '2025-12-13', true),
('sv-91', 'u-16', 'sp-1', 84, 67, '2025-07-12', true),
('sv-92', 'u-16', 'sp-2', 79, 63, '2025-08-13', true),
('sv-93', 'u-16', 'sp-3', 68, 49, '2025-09-12', true),
('sv-94', 'u-16', 'sp-4', 69, 43, '2025-10-05', true),
('sv-95', 'u-16', 'sp-5', 60, 43, '2025-11-13', true),
('sv-96', 'u-16', 'sp-6', 39, 32, '2025-12-05', true),
('sv-97', 'u-17', 'sp-1', 82, 65, '2025-07-11', true),
('sv-98', 'u-17', 'sp-2', 86, 67, '2025-08-07', true),
('sv-99', 'u-17', 'sp-3', 81, 59, '2025-09-13', true),
('sv-100', 'u-17', 'sp-4', 83, 61, '2025-10-05', true)
ON CONFLICT (id) DO NOTHING;
INSERT INTO surveys (id, user_id, period_id, mental_score, motivation_score, survey_date, submitted) VALUES
('sv-101', 'u-17', 'sp-5', 79, 65, '2025-11-04', true),
('sv-102', 'u-17', 'sp-6', 85, 60, '2025-12-11', true),
('sv-103', 'u-18', 'sp-1', 72, 62, '2025-07-03', true),
('sv-104', 'u-18', 'sp-2', 72, 62, '2025-08-11', true),
('sv-105', 'u-18', 'sp-3', 82, 66, '2025-09-13', true),
('sv-106', 'u-18', 'sp-4', 76, 63, '2025-10-08', true),
('sv-107', 'u-18', 'sp-5', 73, 61, '2025-11-12', true),
('sv-108', 'u-18', 'sp-6', 78, 65, '2025-12-14', true),
('sv-109', 'u-19', 'sp-1', 72, 65, '2025-07-14', true),
('sv-110', 'u-19', 'sp-2', 65, 67, '2025-08-06', true),
('sv-111', 'u-19', 'sp-3', 65, 70, '2025-09-11', true),
('sv-112', 'u-19', 'sp-4', 65, 61, '2025-10-10', true),
('sv-113', 'u-19', 'sp-5', 68, 69, '2025-11-06', true),
('sv-114', 'u-19', 'sp-6', 64, 61, '2025-12-09', true),
('sv-115', 'u-20', 'sp-1', 85, 67, '2025-07-11', true),
('sv-116', 'u-20', 'sp-2', 93, 65, '2025-08-11', true),
('sv-117', 'u-20', 'sp-3', 91, 67, '2025-09-14', true),
('sv-118', 'u-20', 'sp-4', 87, 62, '2025-10-13', true),
('sv-119', 'u-20', 'sp-5', 91, 65, '2025-11-03', true),
('sv-120', 'u-20', 'sp-6', 95, 63, '2025-12-09', true),
('sv-121', 'u-21', 'sp-1', 86, 61, '2025-07-08', true),
('sv-122', 'u-21', 'sp-2', 95, 61, '2025-08-11', true),
('sv-123', 'u-21', 'sp-3', 95, 61, '2025-09-07', true),
('sv-124', 'u-21', 'sp-4', 90, 68, '2025-10-12', true),
('sv-125', 'u-21', 'sp-5', 87, 61, '2025-11-04', true),
('sv-126', 'u-21', 'sp-6', 89, 66, '2025-12-06', true),
('sv-127', 'u-22', 'sp-1', 71, 71, '2025-07-14', true),
('sv-128', 'u-22', 'sp-2', 65, 67, '2025-08-13', true),
('sv-129', 'u-22', 'sp-3', 49, 49, '2025-09-05', true),
('sv-130', 'u-22', 'sp-4', 56, 47, '2025-10-07', true),
('sv-131', 'u-22', 'sp-5', 51, 43, '2025-11-06', true),
('sv-132', 'u-22', 'sp-6', 21, 18, '2025-12-05', true),
('sv-133', 'u-23', 'sp-1', 88, 79, '2025-07-04', true),
('sv-134', 'u-23', 'sp-2', 88, 77, '2025-08-12', true),
('sv-135', 'u-23', 'sp-3', 84, 73, '2025-09-07', true),
('sv-136', 'u-23', 'sp-4', 80, 79, '2025-10-05', true),
('sv-137', 'u-23', 'sp-5', 89, 77, '2025-11-07', true),
('sv-138', 'u-23', 'sp-6', 83, 74, '2025-12-10', true),
('sv-139', 'u-24', 'sp-1', 90, 62, '2025-07-13', true),
('sv-140', 'u-24', 'sp-2', 87, 58, '2025-08-06', true),
('sv-141', 'u-24', 'sp-3', 88, 56, '2025-09-12', true),
('sv-142', 'u-24', 'sp-4', 84, 60, '2025-10-14', true),
('sv-143', 'u-24', 'sp-5', 93, 56, '2025-11-07', true),
('sv-144', 'u-24', 'sp-6', 88, 57, '2025-12-13', true),
('sv-145', 'u-25', 'sp-1', 89, 63, '2025-07-08', true),
('sv-146', 'u-25', 'sp-2', 93, 67, '2025-08-04', true),
('sv-147', 'u-25', 'sp-3', 95, 73, '2025-09-04', true),
('sv-148', 'u-25', 'sp-4', 95, 69, '2025-10-06', true),
('sv-149', 'u-25', 'sp-5', 98, 75, '2025-11-04', true),
('sv-150', 'u-25', 'sp-6', 98, 88, '2025-12-14', true)
ON CONFLICT (id) DO NOTHING;
INSERT INTO surveys (id, user_id, period_id, mental_score, motivation_score, survey_date, submitted) VALUES
('sv-151', 'u-26', 'sp-1', 72, 72, '2025-07-04', true),
('sv-152', 'u-26', 'sp-2', 72, 64, '2025-08-07', true),
('sv-153', 'u-26', 'sp-3', 75, 63, '2025-09-11', true),
('sv-154', 'u-26', 'sp-4', 76, 63, '2025-10-05', true),
('sv-155', 'u-26', 'sp-5', 77, 70, '2025-11-06', true),
('sv-156', 'u-26', 'sp-6', 74, 69, '2025-12-14', true),
('sv-157', 'u-27', 'sp-1', 76, 72, '2025-07-07', true),
('sv-158', 'u-27', 'sp-2', 73, 71, '2025-08-06', true),
('sv-159', 'u-27', 'sp-3', 77, 68, '2025-09-08', true),
('sv-160', 'u-27', 'sp-4', 70, 65, '2025-10-13', true),
('sv-161', 'u-27', 'sp-5', 73, 65, '2025-11-12', true),
('sv-162', 'u-27', 'sp-6', 76, 73, '2025-12-11', true),
('sv-163', 'u-28', 'sp-1', 68, 64, '2025-07-07', true),
('sv-164', 'u-28', 'sp-2', 62, 67, '2025-08-14', true),
('sv-165', 'u-28', 'sp-3', 67, 59, '2025-09-14', true),
('sv-166', 'u-28', 'sp-4', 67, 63, '2025-10-03', true),
('sv-167', 'u-28', 'sp-5', 67, 62, '2025-11-07', true),
('sv-168', 'u-28', 'sp-6', 60, 63, '2025-12-12', true),
('sv-169', 'u-29', 'sp-1', 93, 67, '2025-07-13', true),
('sv-170', 'u-29', 'sp-2', 96, 63, '2025-08-12', true),
('sv-171', 'u-29', 'sp-3', 92, 67, '2025-09-05', true),
('sv-172', 'u-29', 'sp-4', 95, 67, '2025-10-04', true),
('sv-173', 'u-29', 'sp-5', 94, 65, '2025-11-05', true),
('sv-174', 'u-29', 'sp-6', 96, 72, '2025-12-13', true),
('sv-175', 'u-30', 'sp-1', 87, 83, '2025-07-07', true),
('sv-176', 'u-30', 'sp-2', 81, 77, '2025-08-08', true),
('sv-177', 'u-30', 'sp-3', 69, 69, '2025-09-09', true),
('sv-178', 'u-30', 'sp-4', 63, 59, '2025-10-12', true),
('sv-179', 'u-30', 'sp-5', 67, 47, '2025-11-12', true),
('sv-180', 'u-30', 'sp-6', 57, 33, '2025-12-09', true),
('sv-181', 'u-31', 'sp-1', 73, 65, '2025-07-09', true),
('sv-182', 'u-31', 'sp-2', 69, 73, '2025-08-13', true),
('sv-183', 'u-31', 'sp-3', 74, 73, '2025-09-06', true),
('sv-184', 'u-31', 'sp-4', 71, 73, '2025-10-03', true),
('sv-185', 'u-31', 'sp-5', 67, 71, '2025-11-09', true),
('sv-186', 'u-31', 'sp-6', 72, 69, '2025-12-14', true),
('sv-187', 'u-32', 'sp-1', 65, 81, '2025-07-06', true),
('sv-188', 'u-32', 'sp-2', 62, 80, '2025-08-14', true),
('sv-189', 'u-32', 'sp-3', 61, 79, '2025-09-06', true),
('sv-190', 'u-32', 'sp-4', 63, 79, '2025-10-06', true),
('sv-191', 'u-32', 'sp-5', 61, 77, '2025-11-03', true),
('sv-192', 'u-32', 'sp-6', 57, 79, '2025-12-04', true),
('sv-193', 'u-33', 'sp-1', 70, 80, '2025-07-04', true),
('sv-194', 'u-33', 'sp-2', 69, 83, '2025-08-05', true),
('sv-195', 'u-33', 'sp-3', 67, 79, '2025-09-04', true),
('sv-196', 'u-33', 'sp-4', 72, 81, '2025-10-08', true),
('sv-197', 'u-33', 'sp-5', 62, 86, '2025-11-14', true),
('sv-198', 'u-33', 'sp-6', 68, 79, '2025-12-07', true),
('sv-199', 'u-34', 'sp-1', 87, 83, '2025-07-04', true),
('sv-200', 'u-34', 'sp-2', 90, 80, '2025-08-08', true)
ON CONFLICT (id) DO NOTHING;
INSERT INTO surveys (id, user_id, period_id, mental_score, motivation_score, survey_date, submitted) VALUES
('sv-201', 'u-34', 'sp-3', 92, 85, '2025-09-07', true),
('sv-202', 'u-34', 'sp-4', 87, 89, '2025-10-04', true),
('sv-203', 'u-34', 'sp-5', 88, 89, '2025-11-09', true),
('sv-204', 'u-34', 'sp-6', 94, 89, '2025-12-14', true),
('sv-205', 'u-35', 'sp-1', 69, 86, '2025-07-07', true),
('sv-206', 'u-35', 'sp-2', 71, 90, '2025-08-09', true),
('sv-207', 'u-35', 'sp-3', 72, 86, '2025-09-05', true),
('sv-208', 'u-35', 'sp-4', 68, 87, '2025-10-13', true),
('sv-209', 'u-35', 'sp-5', 70, 95, '2025-11-09', true),
('sv-210', 'u-35', 'sp-6', 76, 93, '2025-12-07', true),
('sv-211', 'u-36', 'sp-1', 70, 63, '2025-07-13', true),
('sv-212', 'u-36', 'sp-2', 70, 62, '2025-08-11', true),
('sv-213', 'u-36', 'sp-3', 67, 66, '2025-09-13', true),
('sv-214', 'u-36', 'sp-4', 69, 66, '2025-10-11', true),
('sv-215', 'u-36', 'sp-5', 65, 63, '2025-11-12', true),
('sv-216', 'u-36', 'sp-6', 62, 67, '2025-12-08', true),
('sv-217', 'u-37', 'sp-1', 58, 63, '2025-07-12', true),
('sv-218', 'u-37', 'sp-2', 63, 62, '2025-08-09', true),
('sv-219', 'u-37', 'sp-3', 59, 59, '2025-09-07', true),
('sv-220', 'u-37', 'sp-4', 58, 59, '2025-10-03', true),
('sv-221', 'u-37', 'sp-5', 65, 63, '2025-11-03', true),
('sv-222', 'u-37', 'sp-6', 66, 61, '2025-12-05', true),
('sv-223', 'u-38', 'sp-1', 88, 88, '2025-07-04', true),
('sv-224', 'u-38', 'sp-2', 83, 78, '2025-08-09', true),
('sv-225', 'u-38', 'sp-3', 74, 70, '2025-09-05', true),
('sv-226', 'u-38', 'sp-4', 64, 76, '2025-10-06', true),
('sv-227', 'u-38', 'sp-5', 44, 48, '2025-11-12', true),
('sv-228', 'u-38', 'sp-6', 63, 58, '2025-12-06', true),
('sv-229', 'u-39', 'sp-1', 87, 55, '2025-07-08', true),
('sv-230', 'u-39', 'sp-2', 83, 61, '2025-08-07', true),
('sv-231', 'u-39', 'sp-3', 78, 62, '2025-09-13', true),
('sv-232', 'u-39', 'sp-4', 88, 60, '2025-10-06', true),
('sv-233', 'u-39', 'sp-5', 81, 61, '2025-11-03', true),
('sv-234', 'u-39', 'sp-6', 78, 64, '2025-12-03', true),
('sv-235', 'u-40', 'sp-1', 68, 70, '2025-07-03', true),
('sv-236', 'u-40', 'sp-2', 71, 75, '2025-08-12', true),
('sv-237', 'u-40', 'sp-3', 76, 76, '2025-09-03', true),
('sv-238', 'u-40', 'sp-4', 74, 82, '2025-10-10', true),
('sv-239', 'u-40', 'sp-5', 80, 86, '2025-11-14', true),
('sv-240', 'u-40', 'sp-6', 88, 90, '2025-12-03', true),
('sv-241', 'u-41', 'sp-1', 70, 61, '2025-07-05', true),
('sv-242', 'u-41', 'sp-2', 69, 57, '2025-08-07', true),
('sv-243', 'u-41', 'sp-3', 63, 57, '2025-09-05', true),
('sv-244', 'u-41', 'sp-4', 62, 56, '2025-10-05', true),
('sv-245', 'u-41', 'sp-5', 62, 57, '2025-11-08', true),
('sv-246', 'u-41', 'sp-6', 65, 57, '2025-12-03', true),
('sv-247', 'u-42', 'sp-1', 88, 74, '2025-07-11', true),
('sv-248', 'u-42', 'sp-2', 83, 70, '2025-08-11', true),
('sv-249', 'u-42', 'sp-3', 78, 69, '2025-09-09', true),
('sv-250', 'u-42', 'sp-4', 82, 74, '2025-10-12', true)
ON CONFLICT (id) DO NOTHING;
INSERT INTO surveys (id, user_id, period_id, mental_score, motivation_score, survey_date, submitted) VALUES
('sv-251', 'u-42', 'sp-5', 82, 73, '2025-11-10', true),
('sv-252', 'u-42', 'sp-6', 83, 73, '2025-12-03', true),
('sv-253', 'u-43', 'sp-1', 80, 84, '2025-07-08', true),
('sv-254', 'u-43', 'sp-2', 84, 89, '2025-08-07', true),
('sv-255', 'u-43', 'sp-3', 85, 83, '2025-09-03', true),
('sv-256', 'u-43', 'sp-4', 89, 81, '2025-10-04', true),
('sv-257', 'u-43', 'sp-5', 82, 88, '2025-11-13', true),
('sv-258', 'u-43', 'sp-6', 79, 88, '2025-12-14', true),
('sv-259', 'u-44', 'sp-1', 61, 66, '2025-07-05', true),
('sv-260', 'u-44', 'sp-2', 65, 66, '2025-08-03', true),
('sv-261', 'u-44', 'sp-3', 62, 62, '2025-09-08', true),
('sv-262', 'u-44', 'sp-4', 58, 66, '2025-10-10', true),
('sv-263', 'u-44', 'sp-5', 60, 66, '2025-11-04', true),
('sv-264', 'u-44', 'sp-6', 64, 64, '2025-12-07', true),
('sv-265', 'u-45', 'sp-1', 80, 80, '2025-07-05', true),
('sv-266', 'u-45', 'sp-2', 69, 75, '2025-08-03', true),
('sv-267', 'u-45', 'sp-3', 58, 60, '2025-09-07', true),
('sv-268', 'u-45', 'sp-4', 44, 68, '2025-10-05', true),
('sv-269', 'u-45', 'sp-5', 36, 60, '2025-11-03', true),
('sv-270', 'u-45', 'sp-6', 35, 30, '2025-12-07', true),
('sv-271', 'u-46', 'sp-1', 56, 85, '2025-07-09', true),
('sv-272', 'u-46', 'sp-2', 56, 92, '2025-08-09', true),
('sv-273', 'u-46', 'sp-3', 55, 94, '2025-09-07', true),
('sv-274', 'u-46', 'sp-4', 60, 94, '2025-10-05', true),
('sv-275', 'u-46', 'sp-5', 58, 90, '2025-11-03', true),
('sv-276', 'u-46', 'sp-6', 65, 94, '2025-12-14', true),
('sv-277', 'u-47', 'sp-1', 75, 70, '2025-07-04', true),
('sv-278', 'u-47', 'sp-2', 71, 71, '2025-08-07', true),
('sv-279', 'u-47', 'sp-3', 69, 75, '2025-09-09', true),
('sv-280', 'u-47', 'sp-4', 76, 77, '2025-10-07', true),
('sv-281', 'u-47', 'sp-5', 76, 76, '2025-11-07', true),
('sv-282', 'u-47', 'sp-6', 73, 72, '2025-12-04', true),
('sv-283', 'u-48', 'sp-1', 83, 68, '2025-07-06', true),
('sv-284', 'u-48', 'sp-2', 83, 61, '2025-08-12', true),
('sv-285', 'u-48', 'sp-3', 86, 60, '2025-09-09', true),
('sv-286', 'u-48', 'sp-4', 82, 65, '2025-10-08', true),
('sv-287', 'u-48', 'sp-5', 80, 61, '2025-11-07', true),
('sv-288', 'u-48', 'sp-6', 84, 65, '2025-12-05', true),
('sv-289', 'u-49', 'sp-1', 69, 71, '2025-07-08', true),
('sv-290', 'u-49', 'sp-2', 70, 69, '2025-08-09', true),
('sv-291', 'u-49', 'sp-3', 62, 76, '2025-09-04', true),
('sv-292', 'u-49', 'sp-4', 64, 75, '2025-10-06', true),
('sv-293', 'u-49', 'sp-5', 63, 71, '2025-11-04', true),
('sv-294', 'u-49', 'sp-6', 70, 70, '2025-12-05', true),
('sv-295', 'u-50', 'sp-1', 62, 64, '2025-07-10', true),
('sv-296', 'u-50', 'sp-2', 57, 55, '2025-08-11', true),
('sv-297', 'u-50', 'sp-3', 60, 56, '2025-09-11', true),
('sv-298', 'u-50', 'sp-4', 61, 56, '2025-10-09', true),
('sv-299', 'u-50', 'sp-5', 60, 55, '2025-11-14', true),
('sv-300', 'u-50', 'sp-6', 61, 60, '2025-12-06', true)
ON CONFLICT (id) DO NOTHING;

-- 人員配置基準
INSERT INTO facility_staffing_targets (id, facility_id, occupation_id, target_count) VALUES
('fst-1', 'fac-1', 'occ-1', 4),
('fst-2', 'fac-1', 'occ-2', 6),
('fst-3', 'fac-1', 'occ-3', 3),
('fst-4', 'fac-2', 'occ-1', 2),
('fst-5', 'fac-2', 'occ-2', 3),
('fst-6', 'fac-3', 'occ-2', 4),
('fst-7', 'fac-3', 'occ-4', 5),
('fst-8', 'fac-4', 'occ-1', 2),
('fst-9', 'fac-4', 'occ-2', 3),
('fst-10', 'fac-5', 'occ-1', 4),
('fst-11', 'fac-5', 'occ-2', 6),
('fst-12', 'fac-5', 'occ-3', 3),
('fst-13', 'fac-6', 'occ-2', 4),
('fst-14', 'fac-6', 'occ-4', 5),
('fst-15', 'fac-7', 'occ-1', 2),
('fst-16', 'fac-7', 'occ-2', 3),
('fst-occ5-1', 'fac-1', 'occ-5', 2),
('fst-occ5-2', 'fac-2', 'occ-5', 2),
('fst-occ5-3', 'fac-3', 'occ-5', 2),
('fst-occ5-4', 'fac-4', 'occ-5', 2),
('fst-occ5-5', 'fac-5', 'occ-5', 2),
('fst-occ5-6', 'fac-6', 'occ-5', 2),
('fst-occ5-7', 'fac-7', 'occ-5', 2)
ON CONFLICT (id) DO NOTHING;

-- 業務データ投入完了